"id","page_name","tag_name"
50,"ethical iphone","china"
50,"ethical iphone","working conditions"
65,"monsanto walmart","monsanto"
66,"walmart monsanto","monsanto"
82,"24 d","monsanto"
107,"starbucks","thanks"
139,"shrimp","working conditions"
149,"chipotle ciw","working conditions"
232,"hyatt elvia","working conditions"
269,"proposition 37","monsanto"
269,"proposition 37","trader joes"
275,"iphone 5 image","china"
294,"facebook id","facebook"
297,"eu monsanto","monsanto"
303,"darden","restaurants"
303,"darden","working conditions"
316,"walmart strike","working conditions"
348,"fipa letter","china"
362,"walmart bangladesh","working conditions"
365,"fast food strike","restaurants"
386,"huckabee","fox news"
392,"facebook video ads","facebook"
397,"bangladesh delegation","fundraiser"
402,"gm strike","working conditions"
430,"nra sponsorship","enterprise"
440,"gap bangladesh","working conditions"
446,"carnival","working conditions"
459,"facebook taxes","facebook"
476,"samsung sweatshops","working conditions"
481,"trader joes gmo labeling","thanks"
481,"trader joes gmo labeling","trader joes"
482,"aspartame milk fda","fundraiser"
492,"starbucks gay marriage","thanks"
517,"exxon spill kxl ads","fundraiser"
519,"monsanto is killing the monarchs","monsanto"
531,"zara sweatshops","working conditions"
534,"Guitar Center Bain","working conditions"
562,"monsanto roundup dangers","monsanto"
564,"bangladesh building collapse","fundraiser"
564,"bangladesh building collapse","working conditions"
570,"ciw wendys","farmworkers"
570,"ciw wendys","working conditions"
611,"honey fake walgreens","china"
665,"security improvements","fundraiser"
665,"security improvements","monsanto"
669,"bees neonicotinoids icg","fundraiser"
681,"monsanto brainwashes kids","monsanto"
688,"usda chicken","food safety"
740,"chicago bees legal","fundraiser"
742,"guardian support","thanks"
750,"fast food strike donate","fundraiser"
778,"alec facebook google yelp","facebook"
819,"qatar world cup","working conditions"
824,"world food prize monsanto syngenta","monsanto"
879,"monsanto washington gmo","monsanto"
979,"instaguns","facebook"
996,"monsanto uk govt new bbfs","monsanto"
1081,"zara letter","offline action taker"
1142,"monsanto shareholder resolution","monsanto"
1152,"monsanto shareholder donate","monsanto"
1211,"Tasmania forests donate","fundraiser"
1320,"monsanto broccoli patents","monsanto"
1540,"monsanto sues vermonts","monsanto"
1622,"vermont monsanto","monsanto"
1634,"gm crops europe","monsanto"
1881,"monsanto mexico","monsanto"
1986,"non aux ogm en europe","monsanto"
2155,"monsanto roundup banned","monsanto"
2220,"monsanto roundup banned de","monsanto"
2291,"monsanto hawaii","monsanto"
2359,"monsanto maui","monsanto"
2526,"monsanto shareholder fundraiser","monsanto"
2562,"monsanto agm","monsanto"
2572,"monsanto maui fr","monsanto"
2584,"monsanto maui de","monsanto"
2640,"monsanto agm de","monsanto"
2646,"monsanto agm de b","monsanto"
2764,"milkweed monarchs","monsanto"
2815,"indian farmers","monsanto"
2923,"gmo corn india","monsanto"
3029,"monsanto india de","monsanto"
3201,"VT Monsanto","monsanto"
3230,"monsanto syngenta takeover","monsanto"
3232,"monsanto merger","monsanto"
3392,"hillary monsanto lobbyist","monsanto"
4886,"monsantodark","monsanto"
4904,"mosantoroyalites","monsanto"
4906,"monsanto royalties","monsanto"
4941,"monsantodarkact","monsanto"
6459,"mexico monsanto","monsanto"
7362,"monsanto dark act","monsanto"
10215,"Monsanto verklagt Vermont","monsanto"
10355,"monsanto glyphosate in tampons","monsanto"
